Epoch,Train Loss,Val Loss
1,0.002730141602734371,0.0008608942682960837
2,0.0011243429016437078,0.0007300336995186243
3,0.0009952997133247314,0.0007129312568210807
