Epoch,Train Loss,Val Loss
1,0.0027215136794412013,0.0009158306125565249
2,0.0011128911139433955,0.0007684734733177811
3,0.0009857879912237497,0.0007077537741890997
