Epoch,Train Loss,Val Loss
1,0.003032742399045904,0.000951586563568613
2,0.0011471986083663836,0.0007556949048082766
3,0.0010054927311006691,0.0007085057951699375
