Epoch,Train Loss,Val Loss
1,0.002074771980164073,0.0008648262859140616
2,0.001013164267738366,0.0007396329339447125
3,0.0009338662373372761,0.0007303003984306642
