epoch,train_loss,val_loss
1,0.0009968826427527793,0.0008420721397759025
2,0.0006770843872167904,0.0007023936392254844
3,0.0006483056499244683,0.0007191637863931492
4,0.000632822979823725,0.0008499458708523857
5,0.0006199622248626242,0.0006901770342509523
6,0.0006112651614162212,0.0006816749609777541
7,0.0006030635277372636,0.0006618062186056143
