Epoch,Train Loss,Val Loss
1,0.009177681865624602,0.006054165282959068
2,0.01220082569069911,0.009313176049774085
3,0.015193005174027722,0.01314862545696251
