Epoch,Train Loss,Val Loss
1,0.003096763947472089,0.001209723904530035
2,0.0018510620987346978,0.0010834304555873597
