Epoch,Train Loss,Val Loss
1,0.0025043504074513706,0.0009295839004065533
2,0.0011166685251147103,0.0007718255188643992
3,0.0010017726185435386,0.0007170292600501126
