Epoch,Train Loss,Val Loss
1,0.003530801065873147,0.001058706110324183
2,0.0012929060695892462,0.0007677644601890954
3,0.0010879799415010874,0.0007330720657243113
