Epoch,Train Loss,Val Loss
1,0.0029790656845580135,0.0010669683380965954
2,0.001275792965837207,0.0008033739575781164
3,0.0010962704967696715,0.0007405571523500915
