epoch,train_loss,val_loss
1,0.001246640981244172,0.0009729984485715056
2,0.0006765541785004322,0.0007942364113443397
3,0.0006477174950159329,0.000760706350371067
4,0.0006328222448214785,0.0007446118284411049
5,0.0006222985320321942,0.0007055205695612346
6,0.0006145440179604096,0.0008668552522854149
7,0.000607368437576594,0.0007373512247205937
8,0.0006035320256944171,0.000705042853871759
9,0.0005997832990766299,0.0007603425931026769
10,0.0005968582658704069,0.0007290208819397063
