epoch,train_loss,val_loss
1,0.0012747511667929744,0.0008679722941939219
2,0.0007068659727706799,0.0007548974291566162
3,0.0006579198199380438,0.0007161968229681383
4,0.0006360754765216857,0.0007565922242376791
5,0.0006217439035630976,0.0007010841752823257
6,0.0006111429518383717,0.0007094428081589183
7,0.0006030598807921313,0.0006926926918826463
8,0.0005965113987738715,0.000682109359920255
9,0.000590098991812405,0.0007285128522011236
10,0.0005857284966915418,0.0006957581476596327
