Epoch,Train Loss,Val Loss
1,0.0010376076679676771,0.0010143419494852424
2,0.0009565959917381406,0.0010348723735660315
3,0.0009563720086589456,0.0009506337810307741
4,0.0009604996303096414,0.0010367266368120909
5,0.0009626726969145238,0.0010561970993876457
6,0.0009611345012672246,0.0011695768916979432
7,0.0009620396886020899,0.0009999414905905724
8,0.000958808814175427,0.000947660650126636
9,0.0009598684846423566,0.001005535596050322
10,0.0009583178907632828,0.0010247798636555672
