epoch,train_loss,val_loss
1,0.004060967143962625,0.0017486416813494222
2,0.0013080813809414394,0.001196973513180298
3,0.0012969111505391386,0.0013257605719512908
4,0.001304652782040648,0.001358771782954971
5,0.0013158430632048597,0.0011983441072577988
6,0.001309700295724906,0.0012418696998096619
7,0.0013093330708177139,0.0012623447190319547
