Epoch,Train Loss,Val Loss
1,0.0012037126291106865,0.0007706800255540183
2,0.0007136128040062659,0.0007700875823473317
3,0.0006778791719279777,0.0007224330885121866
