Epoch,Train Loss,Val Loss
1,0.0015461002135859444,0.0008352067628372127
2,0.0007836254638909164,0.0007664140840841614
3,0.0007317458203585108,0.0007422669957233142
