Epoch,Train Loss,Val Loss
1,0.0022004640759006456,0.0008156189921962786
2,0.0007803028435321206,0.000751135901754973
3,0.0007252900282534377,0.0007510795708544791
