Epoch,Train Loss,Val Loss
1,0.10706056129557232,0.11017038949822788
2,0.10696371127895986,0.11017061812033685
3,0.10695370751220509,0.11016411615990215
