Epoch,Train Loss,Val Loss
1,0.0017498236018488138,0.0007914830808867233
2,0.0007576977475844499,0.0007700130469257845
3,0.0007087718496512712,0.0007490249546344994
