Epoch,Train Loss,Val Loss
1,0.005567538439078236,0.0007662473015424889
